Timestamp	Date	Day of the Week	Midday or Night Shift	Shift Start Time	Shift End Time	Hours
10/30/2025 17:51:36	11/3/2025	Monday	Night	7:30:00 PM	10:30:00 PM	3
10/30/2025 17:52:04	11/4/2025	Tuesday	Midday	4:00:00 PM	6:00:00 PM	2
10/30/2025 17:52:42	11/4/2025	Tuesday	Night	10:15:00 PM	1:15:00 AM	3
10/30/2025 17:53:20	11/5/2025	Wednesday	Night	8:00:00 PM	11:00:00 PM	3
10/30/2025 17:53:50	11/6/2025	Thursday	Night	8:30:00 PM	11:30:00 PM	3
10/30/2025 17:54:23	11/7/2025	Friday	Night	8:00:00 PM	11:00:00 PM	3
10/30/2025 17:55:02	11/8/2025	Saturday	Night	5:00:00 PM	8:00:00 PM	3
10/30/2025 17:55:44	11/9/2025	Sunday	Night	5:00:00 PM	8:00:00 PM	3
